{"MedInc": 0.5204473733901978, "HouseAge": 0.06685318052768707, "AveRooms": 0.039657194167375565, "AveBedrms": 0.02345411479473114, "Population": 0.02058771438896656, "AveOccup": 0.14952567219734192, "Latitude": 0.08395808935165405, "Longitude": 0.09551670402288437}